Plate,Experiment,Group,Filename,Sample,Workspace,Compensation Source,Plot Title,Gate,X Parameter,Y Parameter,Count,Volume,Concentration,%Total,%Gated,X Mean,Y Mean,X Median,Y Median,X Peak,Y Peak,X SD,Y SD,X %CV,Y %CV,X rSD,Y rSD,X %rCV,Y %rCV
190531 D5 DEC RG3039 CellEvent,Experiment,D5,A1.fcs,A1,Experiment,None,N/A,All Events,N/A,N/A,7887,40,197.175,100.000,100.000,N/A,N/A,N/A,N/A,N/A,N/A,N/A,N/A,N/A,N/A,N/A,N/A,N/A,N/A
190531 D5 DEC RG3039 CellEvent,Experiment,D5,A1.fcs,A1,Experiment,None,,R1,FSC-A,SSC-A,7267,40,181.675,92.139,92.139,321319,119210,320933,103512,316314,89034,51094.16,73074.60,15.90,61.30,42649.95,32931.51,13.29,31.81
190531 D5 DEC RG3039 CellEvent,Experiment,D5,A1.fcs,A1,Experiment,None,,R2,FSC-A,SSC-A,7009,40,175.225,88.868,88.868,324569,109015,322280,102013,316314,89034,47200.17,36172.87,14.54,33.18,41251.86,31420.74,12.80,30.80
190531 D5 DEC RG3039 CellEvent,Experiment,D5,A1.fcs,A1,Experiment,None,,R3,VL1-H,BL1-H,240,40,6.000,3.043,3.303,219,12090,120,5068,62,3129,241.26,20970.20,110.11,173.45,103.04,5070.49,85.87,100.05
190531 D5 DEC RG3039 CellEvent,Experiment,D5,A1.fcs,A1,Experiment,None,,R5,VL1-H,BL1-H,216,40,5.400,2.739,2.972,230,13283,125,5893,62,3129,250.56,21783.97,108.82,164.00,108.97,5441.14,87.18,92.33
190531 D5 DEC RG3039 CellEvent,Experiment,D5,A1.fcs,A1,Experiment,None,,R1,VL1-H,BL1-H,7267,40,181.675,92.139,92.139,63,555,57,152,55,157,55.71,4360.59,88.22,785.01,19.27,53.37,33.81,35.11
190531 D5 DEC RG3039 CellEvent,Experiment,D5,A1.fcs,A1,Experiment,None,,R4,BL1-H,,240,40,6.000,3.043,3.303,12090,N/A,5068,N/A,3129,N/A,20970.20,N/A,173.45,N/A,5070.49,N/A,100.05,N/A
190531 D5 DEC RG3039 CellEvent,Experiment,D5,A1.fcs,A1,Experiment,None,,R1,BL1-H,,7267,40,181.675,92.139,92.139,555,N/A,152,N/A,157,N/A,4360.59,N/A,785.01,N/A,53.37,N/A,35.11,N/A
190531 D5 DEC RG3039 CellEvent,Experiment,D5,A2.fcs,A2,Experiment,None,N/A,All Events,N/A,N/A,10336,40,258.400,100.000,100.000,N/A,N/A,N/A,N/A,N/A,N/A,N/A,N/A,N/A,N/A,N/A,N/A,N/A,N/A
190531 D5 DEC RG3039 CellEvent,Experiment,D5,A2.fcs,A2,Experiment,None,,R1,FSC-A,SSC-A,9657,40,241.425,93.431,93.431,318186,116310,317883,99413,320468,78866,50643.45,74238.95,15.92,63.83,41398.64,31373.30,13.02,31.56
190531 D5 DEC RG3039 CellEvent,Experiment,D5,A2.fcs,A2,Experiment,None,,R2,FSC-A,SSC-A,9325,40,233.125,90.219,90.219,321694,105770,319286,98162,320480,78866,48073.18,34745.91,14.94,32.85,39954.59,29521.53,12.51,30.07
190531 D5 DEC RG3039 CellEvent,Experiment,D5,A2.fcs,A2,Experiment,None,,R3,VL1-H,BL1-H,303,40,7.575,2.932,3.138,274,8903,145,4557,47,4699,290.56,15029.92,106.12,168.82,133.43,3590.86,92.02,78.80
190531 D5 DEC RG3039 CellEvent,Experiment,D5,A2.fcs,A2,Experiment,None,,R5,VL1-H,BL1-H,281,40,7.025,2.719,2.910,286,9495,151,4762,47,4699,297.61,15452.98,104.18,162.74,142.33,3414.43,94.26,71.70
190531 D5 DEC RG3039 CellEvent,Experiment,D5,A2.fcs,A2,Experiment,None,,R1,VL1-H,BL1-H,9657,40,241.425,93.431,93.431,64,436,57,152,54,168,66.59,3064.94,104.30,703.54,19.27,53.37,33.81,35.11
190531 D5 DEC RG3039 CellEvent,Experiment,D5,A2.fcs,A2,Experiment,None,,R4,BL1-H,,303,40,7.575,2.932,3.138,8903,N/A,4557,N/A,4699,N/A,15029.92,N/A,168.82,N/A,3590.86,N/A,78.80,N/A
190531 D5 DEC RG3039 CellEvent,Experiment,D5,A2.fcs,A2,Experiment,None,,R1,BL1-H,,9657,40,241.425,93.431,93.431,436,N/A,152,N/A,168,N/A,3064.94,N/A,703.54,N/A,53.37,N/A,35.11,N/A
190531 D5 DEC RG3039 CellEvent,Experiment,D5,A3.fcs,A3,Experiment,None,N/A,All Events,N/A,N/A,10718,40,267.950,100.000,100.000,N/A,N/A,N/A,N/A,N/A,N/A,N/A,N/A,N/A,N/A,N/A,N/A,N/A,N/A
190531 D5 DEC RG3039 CellEvent,Experiment,D5,A3.fcs,A3,Experiment,None,,R1,FSC-A,SSC-A,9933,40,248.325,92.676,92.676,318730,118110,317859,103259,314388,82880,50091.41,70574.22,15.72,59.75,41698.12,33127.21,13.12,32.08
190531 D5 DEC RG3039 CellEvent,Experiment,D5,A3.fcs,A3,Experiment,None,,R2,FSC-A,SSC-A,9628,40,240.700,89.830,89.830,321608,109335,318931,102077,314383,82880,47576.04,37674.82,14.79,34.46,40374.16,31667.59,12.66,31.02
190531 D5 DEC RG3039 CellEvent,Experiment,D5,A3.fcs,A3,Experiment,None,,R3,VL1-H,BL1-H,269,40,6.725,2.510,2.708,245,9992,142,5220,61,1824,254.10,19346.90,103.51,193.62,131.95,4422.60,92.92,84.72
190531 D5 DEC RG3039 CellEvent,Experiment,D5,A3.fcs,A3,Experiment,None,,R5,VL1-H,BL1-H,249,40,6.225,2.323,2.507,256,10688,161,5742,61,1824,260.51,19948.46,101.78,186.64,152.71,4486.35,94.85,78.13
190531 D5 DEC RG3039 CellEvent,Experiment,D5,A3.fcs,A3,Experiment,None,,R1,VL1-H,BL1-H,9933,40,248.325,92.676,92.676,63,424,57,146,58,157,55.33,3557.47,88.16,839.75,19.27,51.89,33.81,35.54
190531 D5 DEC RG3039 CellEvent,Experiment,D5,A3.fcs,A3,Experiment,None,,R4,BL1-H,,269,40,6.725,2.510,2.708,9992,N/A,5220,N/A,1824,N/A,19346.90,N/A,193.62,N/A,4422.60,N/A,84.72,N/A
190531 D5 DEC RG3039 CellEvent,Experiment,D5,A3.fcs,A3,Experiment,None,,R1,BL1-H,,9933,40,248.325,92.676,92.676,424,N/A,146,N/A,157,N/A,3557.47,N/A,839.75,N/A,51.89,N/A,35.54,N/A
190531 D5 DEC RG3039 CellEvent,Experiment,D5,A4.fcs,A4,Experiment,None,N/A,All Events,N/A,N/A,10493,40,262.325,100.000,100.000,N/A,N/A,N/A,N/A,N/A,N/A,N/A,N/A,N/A,N/A,N/A,N/A,N/A,N/A
190531 D5 DEC RG3039 CellEvent,Experiment,D5,A4.fcs,A4,Experiment,None,,R1,FSC-A,SSC-A,9192,40,229.800,87.601,87.601,292680,154708,290679,129690,291736,103325,67643.66,93112.58,23.11,60.19,54363.23,55123.07,18.70,42.50
190531 D5 DEC RG3039 CellEvent,Experiment,D5,A4.fcs,A4,Experiment,None,,R2,FSC-A,SSC-A,7930,40,198.250,75.574,75.574,304531,132530,297987,121121,293937,99284,55302.87,50651.95,18.16,38.22,47867.22,44661.10,16.06,36.87
190531 D5 DEC RG3039 CellEvent,Experiment,D5,A4.fcs,A4,Experiment,None,,R3,VL1-H,BL1-H,906,40,22.650,8.634,9.856,235,10850,124,4322,87,2418,265.83,21147.89,113.23,194.91,93.40,3874.78,75.33,89.65
190531 D5 DEC RG3039 CellEvent,Experiment,D5,A4.fcs,A4,Experiment,None,,R5,VL1-H,BL1-H,821,40,20.525,7.824,8.932,247,11835,126,5061,87,2418,275.85,21982.87,111.78,185.75,100.82,4339.57,80.01,85.75
190531 D5 DEC RG3039 CellEvent,Experiment,D5,A4.fcs,A4,Experiment,None,,R1,VL1-H,BL1-H,9192,40,229.800,87.601,87.601,78,1267,61,200,58,175,100.32,7354.95,128.95,580.56,20.76,88.96,34.03,44.48
190531 D5 DEC RG3039 CellEvent,Experiment,D5,A4.fcs,A4,Experiment,None,,R4,BL1-H,,906,40,22.650,8.634,9.856,10850,N/A,4322,N/A,2418,N/A,21147.89,N/A,194.91,N/A,3874.78,N/A,89.65,N/A
190531 D5 DEC RG3039 CellEvent,Experiment,D5,A4.fcs,A4,Experiment,None,,R1,BL1-H,,9192,40,229.800,87.601,87.601,1267,N/A,200,N/A,175,N/A,7354.95,N/A,580.56,N/A,88.96,N/A,44.48,N/A
190531 D5 DEC RG3039 CellEvent,Experiment,D5,A5.fcs,A5,Experiment,None,N/A,All Events,N/A,N/A,10947,40,273.675,100.000,100.000,N/A,N/A,N/A,N/A,N/A,N/A,N/A,N/A,N/A,N/A,N/A,N/A,N/A,N/A
190531 D5 DEC RG3039 CellEvent,Experiment,D5,A5.fcs,A5,Experiment,None,,R1,FSC-A,SSC-A,9538,40,238.450,87.129,87.129,293226,153735,291438,130035,314344,91148,67844.77,90351.22,23.14,58.77,55754.65,54632.33,19.13,42.01
190531 D5 DEC RG3039 CellEvent,Experiment,D5,A5.fcs,A5,Experiment,None,,R2,FSC-A,SSC-A,8257,40,206.425,75.427,75.427,305067,132287,298789,121791,314344,91148,56760.41,49896.84,18.61,37.72,49254.94,45520.27,16.48,37.38
190531 D5 DEC RG3039 CellEvent,Experiment,D5,A5.fcs,A5,Experiment,None,,R3,VL1-H,BL1-H,917,40,22.925,8.377,9.614,248,10315,125,4285,61,12606,276.77,23901.44,111.62,231.71,102.30,3804.35,81.84,88.78
190531 D5 DEC RG3039 CellEvent,Experiment,D5,A5.fcs,A5,Experiment,None,,R5,VL1-H,BL1-H,836,40,20.900,7.637,8.765,260,11186,130,4904,61,12606,286.15,24861.87,109.88,222.27,110.45,4215.03,85.29,85.96
190531 D5 DEC RG3039 CellEvent,Experiment,D5,A5.fcs,A5,Experiment,None,,R1,VL1-H,BL1-H,9538,40,238.450,87.129,87.129,79,1190,61,203,54,180,103.93,7983.90,131.83,671.10,20.76,88.96,34.03,43.82
190531 D5 DEC RG3039 CellEvent,Experiment,D5,A5.fcs,A5,Experiment,None,,R4,BL1-H,,917,40,22.925,8.377,9.614,10315,N/A,4285,N/A,12606,N/A,23901.44,N/A,231.71,N/A,3804.35,N/A,88.78,N/A
190531 D5 DEC RG3039 CellEvent,Experiment,D5,A5.fcs,A5,Experiment,None,,R1,BL1-H,,9538,40,238.450,87.129,87.129,1190,N/A,203,N/A,180,N/A,7983.90,N/A,671.10,N/A,88.96,N/A,43.82,N/A
190531 D5 DEC RG3039 CellEvent,Experiment,D5,A6.fcs,A6,Experiment,None,N/A,All Events,N/A,N/A,10823,40,270.575,100.000,100.000,N/A,N/A,N/A,N/A,N/A,N/A,N/A,N/A,N/A,N/A,N/A,N/A,N/A,N/A
190531 D5 DEC RG3039 CellEvent,Experiment,D5,A6.fcs,A6,Experiment,None,,R1,FSC-A,SSC-A,9504,40,237.600,87.813,87.813,293147,156157,292205,131705,299994,101446,68633.13,91585.07,23.41,58.65,56768.01,56089.72,19.43,42.59
190531 D5 DEC RG3039 CellEvent,Experiment,D5,A6.fcs,A6,Experiment,None,,R2,FSC-A,SSC-A,8174,40,204.350,75.524,75.524,305373,134065,299641,123576,292007,101446,57195.13,51489.69,18.73,38.41,49624.85,45962.82,16.56,37.19
190531 D5 DEC RG3039 CellEvent,Experiment,D5,A6.fcs,A6,Experiment,None,,R3,VL1-H,BL1-H,933,40,23.325,8.621,9.817,251,9887,134,4041,54,4000,279.33,20475.40,111.17,207.09,115.64,3396.64,86.30,84.05
190531 D5 DEC RG3039 CellEvent,Experiment,D5,A6.fcs,A6,Experiment,None,,R5,VL1-H,BL1-H,857,40,21.425,7.918,9.017,262,10645,137,4545,55,4000,288.12,21199.11,109.84,199.15,123.06,3736.15,89.82,82.20
190531 D5 DEC RG3039 CellEvent,Experiment,D5,A6.fcs,A6,Experiment,None,,R1,VL1-H,BL1-H,9504,40,237.600,87.813,87.813,80,1171,61,203,54,157,106.18,7028.70,133.17,600.16,22.24,88.96,36.46,43.82
190531 D5 DEC RG3039 CellEvent,Experiment,D5,A6.fcs,A6,Experiment,None,,R4,BL1-H,,933,40,23.325,8.621,9.817,9887,N/A,4041,N/A,4000,N/A,20475.40,N/A,207.09,N/A,3396.64,N/A,84.05,N/A
190531 D5 DEC RG3039 CellEvent,Experiment,D5,A6.fcs,A6,Experiment,None,,R1,BL1-H,,9504,40,237.600,87.813,87.813,1171,N/A,203,N/A,157,N/A,7028.70,N/A,600.16,N/A,88.96,N/A,43.82,N/A
190531 D5 DEC RG3039 CellEvent,Experiment,D5,A7.fcs,A7,Experiment,None,N/A,All Events,N/A,N/A,8688,40,217.200,100.000,100.000,N/A,N/A,N/A,N/A,N/A,N/A,N/A,N/A,N/A,N/A,N/A,N/A,N/A,N/A
190531 D5 DEC RG3039 CellEvent,Experiment,D5,A7.fcs,A7,Experiment,None,,R1,FSC-A,SSC-A,6167,40,154.175,70.983,70.983,235617,224164,230096,201876,201794,166748,70016.08,109287.02,29.72,48.75,71957.99,81110.08,31.27,40.18
190531 D5 DEC RG3039 CellEvent,Experiment,D5,A7.fcs,A7,Experiment,None,,R2,FSC-A,SSC-A,2260,40,56.500,26.013,26.013,284771,166891,281843,158609,267193,134158,50480.50,65560.02,17.73,39.28,47443.94,61762.89,16.83,38.94
190531 D5 DEC RG3039 CellEvent,Experiment,D5,A7.fcs,A7,Experiment,None,,R3,VL1-H,BL1-H,4367,40,109.175,50.265,70.812,89,15161,71,6794,69,3776,89.78,27413.07,101.24,180.81,28.17,5894.82,39.68,86.77
190531 D5 DEC RG3039 CellEvent,Experiment,D5,A7.fcs,A7,Experiment,None,,R5,VL1-H,BL1-H,4174,40,104.350,48.043,67.683,89,15797,71,7146,86,3776,91.52,27875.87,102.51,176.46,28.17,5955.60,39.68,83.34
190531 D5 DEC RG3039 CellEvent,Experiment,D5,A7.fcs,A7,Experiment,None,,R1,VL1-H,BL1-H,6167,40,154.175,70.983,70.983,79,10831,66,3927,61,3776,77.68,24033.37,97.79,221.88,25.20,5384.80,38.19,137.12
190531 D5 DEC RG3039 CellEvent,Experiment,D5,A7.fcs,A7,Experiment,None,,R4,BL1-H,,4367,40,109.175,50.265,70.812,15161,N/A,6794,N/A,3776,N/A,27413.07,N/A,180.81,N/A,5894.82,N/A,86.77,N/A
190531 D5 DEC RG3039 CellEvent,Experiment,D5,A7.fcs,A7,Experiment,None,,R1,BL1-H,,6167,40,154.175,70.983,70.983,10831,N/A,3927,N/A,3776,N/A,24033.37,N/A,221.88,N/A,5384.80,N/A,137.12,N/A
190531 D5 DEC RG3039 CellEvent,Experiment,D5,A8.fcs,A8,Experiment,None,N/A,All Events,N/A,N/A,8795,40,219.875,100.000,100.000,N/A,N/A,N/A,N/A,N/A,N/A,N/A,N/A,N/A,N/A,N/A,N/A,N/A,N/A
190531 D5 DEC RG3039 CellEvent,Experiment,D5,A8.fcs,A8,Experiment,None,,R1,FSC-A,SSC-A,6244,40,156.100,70.995,70.995,234630,225818,226389,202365,218101,166821,72311.48,112103.70,30.82,49.64,69914.23,82814.33,30.88,40.92
190531 D5 DEC RG3039 CellEvent,Experiment,D5,A8.fcs,A8,Experiment,None,,R2,FSC-A,SSC-A,2194,40,54.850,24.946,24.946,283504,165202,277992,156502,273500,167057,52101.70,65227.44,18.38,39.48,49779.04,62586.48,17.91,39.99
190531 D5 DEC RG3039 CellEvent,Experiment,D5,A8.fcs,A8,Experiment,None,,R3,VL1-H,BL1-H,4556,40,113.900,51.802,72.966,84,15615,71,7026,87,9012,78.13,27095.59,92.58,173.52,28.91,6186.15,41.01,88.05
190531 D5 DEC RG3039 CellEvent,Experiment,D5,A8.fcs,A8,Experiment,None,,R5,VL1-H,BL1-H,4355,40,108.875,49.517,69.747,85,16273,71,7448,87,9012,79.49,27536.32,93.53,169.21,28.17,6269.92,39.68,84.18
190531 D5 DEC RG3039 CellEvent,Experiment,D5,A8.fcs,A8,Experiment,None,,R1,VL1-H,BL1-H,6244,40,156.100,70.995,70.995,77,11486,65,4400,56,9012,68.75,24119.43,89.57,209.98,25.20,5995.63,38.78,136.26
190531 D5 DEC RG3039 CellEvent,Experiment,D5,A8.fcs,A8,Experiment,None,,R4,BL1-H,,4558,40,113.950,51.825,72.998,15613,N/A,7026,N/A,9012,N/A,27090.42,N/A,173.52,N/A,6187.63,N/A,88.07,N/A
190531 D5 DEC RG3039 CellEvent,Experiment,D5,A8.fcs,A8,Experiment,None,,R1,BL1-H,,6244,40,156.100,70.995,70.995,11486,N/A,4400,N/A,9012,N/A,24119.43,N/A,209.98,N/A,5995.63,N/A,136.26,N/A
190531 D5 DEC RG3039 CellEvent,Experiment,D5,A9.fcs,A9,Experiment,None,N/A,All Events,N/A,N/A,8826,40,220.650,100.000,100.000,N/A,N/A,N/A,N/A,N/A,N/A,N/A,N/A,N/A,N/A,N/A,N/A,N/A,N/A
190531 D5 DEC RG3039 CellEvent,Experiment,D5,A9.fcs,A9,Experiment,None,,R1,FSC-A,SSC-A,6148,40,153.700,69.658,69.658,234014,222672,226302,200577,193407,185113,69154.29,109915.54,29.55,49.36,67534.65,79512.58,29.84,39.64
190531 D5 DEC RG3039 CellEvent,Experiment,D5,A9.fcs,A9,Experiment,None,,R2,FSC-A,SSC-A,2177,40,54.425,24.666,24.666,280779,161848,276791,154006,261260,152521,50741.64,64109.03,18.07,39.61,47729.34,60605.72,17.24,39.35
190531 D5 DEC RG3039 CellEvent,Experiment,D5,A9.fcs,A9,Experiment,None,,R3,VL1-H,BL1-H,4397,40,109.925,49.819,71.519,87,15508,70,6891,61,5902,88.08,27840.22,101.38,179.52,28.17,5810.31,40.24,84.32
190531 D5 DEC RG3039 CellEvent,Experiment,D5,A9.fcs,A9,Experiment,None,,R5,VL1-H,BL1-H,4237,40,105.925,48.006,68.917,88,16023,70,7248,61,5902,89.48,28203.44,102.17,176.02,28.17,5885.92,40.24,81.21
190531 D5 DEC RG3039 CellEvent,Experiment,D5,A9.fcs,A9,Experiment,None,,R1,VL1-H,BL1-H,6148,40,153.700,69.658,69.658,79,11189,65,4339,61,5902,76.47,24519.98,97.28,219.15,25.20,5928.92,38.78,136.66
190531 D5 DEC RG3039 CellEvent,Experiment,D5,A9.fcs,A9,Experiment,None,,R4,BL1-H,,4399,40,109.975,49.841,71.552,15507,N/A,6891,N/A,5902,N/A,27834.14,N/A,179.50,N/A,5810.31,N/A,84.32,N/A
190531 D5 DEC RG3039 CellEvent,Experiment,D5,A9.fcs,A9,Experiment,None,,R1,BL1-H,,6148,40,153.700,69.658,69.658,11189,N/A,4339,N/A,5902,N/A,24519.98,N/A,219.15,N/A,5928.92,N/A,136.66,N/A
190531 D5 DEC RG3039 CellEvent,Experiment,D5,B1.fcs,B1,Experiment,None,N/A,All Events,N/A,N/A,10844,40,271.100,100.000,100.000,N/A,N/A,N/A,N/A,N/A,N/A,N/A,N/A,N/A,N/A,N/A,N/A,N/A,N/A
190531 D5 DEC RG3039 CellEvent,Experiment,D5,B1.fcs,B1,Experiment,None,,R1,FSC-A,SSC-A,9808,40,245.200,90.446,90.446,309175,151060,309324,116428,310094,89097,64700.75,110863.92,20.93,73.39,53289.83,45526.94,17.23,39.10
190531 D5 DEC RG3039 CellEvent,Experiment,D5,B1.fcs,B1,Experiment,None,,R2,FSC-A,SSC-A,8688,40,217.200,80.118,80.118,317989,121485,314426,109707,310094,89097,54015.02,47324.62,16.99,38.96,47657.43,37257.00,15.16,33.96
190531 D5 DEC RG3039 CellEvent,Experiment,D5,B1.fcs,B1,Experiment,None,,R3,VL1-H,BL1-H,998,40,24.950,9.203,10.175,271,10483,213,4329,256,2295,226.02,21790.43,83.52,207.87,186.81,3619.77,87.70,83.62
190531 D5 DEC RG3039 CellEvent,Experiment,D5,B1.fcs,B1,Experiment,None,,R5,VL1-H,BL1-H,928,40,23.200,8.558,9.462,279,11173,221,4689,277,2295,231.02,22447.06,82.71,200.90,196.44,3814.73,89.09,81.36
190531 D5 DEC RG3039 CellEvent,Experiment,D5,B1.fcs,B1,Experiment,None,,R1,VL1-H,BL1-H,9808,40,245.200,90.446,90.446,82,1226,61,166,59,157,98.06,7614.98,119.56,620.95,22.24,72.65,36.46,43.76
190531 D5 DEC RG3039 CellEvent,Experiment,D5,B1.fcs,B1,Experiment,None,,R4,BL1-H,,998,40,24.950,9.203,10.175,10483,N/A,4329,N/A,2295,N/A,21790.43,N/A,207.87,N/A,3619.77,N/A,83.62,N/A
190531 D5 DEC RG3039 CellEvent,Experiment,D5,B1.fcs,B1,Experiment,None,,R1,BL1-H,,9808,40,245.200,90.446,90.446,1226,N/A,166,N/A,157,N/A,7614.98,N/A,620.95,N/A,72.65,N/A,43.76,N/A
190531 D5 DEC RG3039 CellEvent,Experiment,D5,B2.fcs,B2,Experiment,None,N/A,All Events,N/A,N/A,9859,40,246.475,100.000,100.000,N/A,N/A,N/A,N/A,N/A,N/A,N/A,N/A,N/A,N/A,N/A,N/A,N/A,N/A
190531 D5 DEC RG3039 CellEvent,Experiment,D5,B2.fcs,B2,Experiment,None,,R1,FSC-A,SSC-A,8782,40,219.550,89.076,89.076,308418,151760,307303,115694,324674,95285,67867.54,113139.88,22.01,74.55,56213.52,45691.51,18.29,39.49
190531 D5 DEC RG3039 CellEvent,Experiment,D5,B2.fcs,B2,Experiment,None,,R2,FSC-A,SSC-A,7669,40,191.725,77.787,77.787,318793,120463,313653,108674,306112,95285,57428.57,46600.39,18.01,38.68,50234.93,36778.86,16.02,33.84
190531 D5 DEC RG3039 CellEvent,Experiment,D5,B2.fcs,B2,Experiment,None,,R3,VL1-H,BL1-H,976,40,24.400,9.900,11.114,262,9691,194,4291,92,3254,232.17,17329.51,88.48,178.82,169.76,3577.51,87.50,83.37
190531 D5 DEC RG3039 CellEvent,Experiment,D5,B2.fcs,B2,Experiment,None,,R5,VL1-H,BL1-H,911,40,22.775,9.240,10.373,271,10286,202,4638,181,3254,236.98,17788.59,87.43,172.93,182.36,3681.30,90.28,79.37
190531 D5 DEC RG3039 CellEvent,Experiment,D5,B2.fcs,B2,Experiment,None,,R1,VL1-H,BL1-H,8782,40,219.550,89.076,89.076,82,1233,60,164,61,157,102.19,6503.91,124.69,527.60,22.24,72.65,37.06,44.30
190531 D5 DEC RG3039 CellEvent,Experiment,D5,B2.fcs,B2,Experiment,None,,R4,BL1-H,,976,40,24.400,9.900,11.114,9691,N/A,4291,N/A,3254,N/A,17329.51,N/A,178.82,N/A,3577.51,N/A,83.37,N/A
190531 D5 DEC RG3039 CellEvent,Experiment,D5,B2.fcs,B2,Experiment,None,,R1,BL1-H,,8782,40,219.550,89.076,89.076,1233,N/A,164,N/A,157,N/A,6503.91,N/A,527.60,N/A,72.65,N/A,44.30,N/A
190531 D5 DEC RG3039 CellEvent,Experiment,D5,B3.fcs,B3,Experiment,None,N/A,All Events,N/A,N/A,10184,40,254.600,100.000,100.000,N/A,N/A,N/A,N/A,N/A,N/A,N/A,N/A,N/A,N/A,N/A,N/A,N/A,N/A
190531 D5 DEC RG3039 CellEvent,Experiment,D5,B3.fcs,B3,Experiment,None,,R1,FSC-A,SSC-A,9143,40,228.575,89.778,89.778,310385,150948,310943,116582,314229,84981,64816.23,112572.60,20.88,74.58,53045.94,46006.56,17.06,39.46
190531 D5 DEC RG3039 CellEvent,Experiment,D5,B3.fcs,B3,Experiment,None,,R2,FSC-A,SSC-A,8121,40,203.025,79.743,79.743,319285,121831,315743,110557,318278,84982,54562.07,47567.12,17.09,39.04,47573.67,37907.12,15.07,34.29
190531 D5 DEC RG3039 CellEvent,Experiment,D5,B3.fcs,B3,Experiment,None,,R3,VL1-H,BL1-H,856,40,21.400,8.405,9.362,280,9615,209,4204,193,2995,235.87,18696.02,84.24,194.44,188.29,3143.85,90.09,74.79
190531 D5 DEC RG3039 CellEvent,Experiment,D5,B3.fcs,B3,Experiment,None,,R5,VL1-H,BL1-H,799,40,19.975,7.846,8.739,290,10207,226,4558,231,2995,240.29,19215.54,82.83,188.25,204.60,3346.23,90.53,73.41
190531 D5 DEC RG3039 CellEvent,Experiment,D5,B3.fcs,B3,Experiment,None,,R1,VL1-H,BL1-H,9143,40,228.575,89.778,89.778,81,1060,61,162,55,157,98.54,6345.26,121.85,598.84,22.24,68.20,36.46,42.10
190531 D5 DEC RG3039 CellEvent,Experiment,D5,B3.fcs,B3,Experiment,None,,R4,BL1-H,,856,40,21.400,8.405,9.362,9615,N/A,4204,N/A,2995,N/A,18696.02,N/A,194.44,N/A,3143.85,N/A,74.79,N/A
190531 D5 DEC RG3039 CellEvent,Experiment,D5,B3.fcs,B3,Experiment,None,,R1,BL1-H,,9143,40,228.575,89.778,89.778,1060,N/A,162,N/A,157,N/A,6345.26,N/A,598.84,N/A,68.20,N/A,42.10,N/A
190531 D5 DEC RG3039 CellEvent,Experiment,D5,B4.fcs,B4,Experiment,None,N/A,All Events,N/A,N/A,12557,40,313.925,100.000,100.000,N/A,N/A,N/A,N/A,N/A,N/A,N/A,N/A,N/A,N/A,N/A,N/A,N/A,N/A
190531 D5 DEC RG3039 CellEvent,Experiment,D5,B4.fcs,B4,Experiment,None,,R1,FSC-A,SSC-A,9916,40,247.900,78.968,78.968,268826,219442,266506,182585,279596,124005,87069.75,131947.11,32.39,60.13,85938.17,87947.09,32.25,48.17
190531 D5 DEC RG3039 CellEvent,Experiment,D5,B4.fcs,B4,Experiment,None,,R2,FSC-A,SSC-A,5627,40,140.675,44.812,44.812,311733,153204,303978,141006,279596,124004,61291.77,56566.69,19.66,36.92,56868.09,49406.16,18.71,35.04
190531 D5 DEC RG3039 CellEvent,Experiment,D5,B4.fcs,B4,Experiment,None,,R3,VL1-H,BL1-H,3545,40,88.625,28.231,35.750,234,10343,141,4268,100,3255,240.47,19468.22,102.58,188.23,106.75,3710.95,75.71,86.95
190531 D5 DEC RG3039 CellEvent,Experiment,D5,B4.fcs,B4,Experiment,None,,R5,VL1-H,BL1-H,3273,40,81.825,26.065,33.007,244,11040,146,4841,100,3255,247.25,19889.90,101.32,180.16,114.16,4191.31,78.19,86.58
190531 D5 DEC RG3039 CellEvent,Experiment,D5,B4.fcs,B4,Experiment,None,,R1,VL1-H,BL1-H,9916,40,247.900,78.968,78.968,129,3925,77,456,86,256,165.21,12586.86,127.88,320.72,35.58,410.68,46.21,90.06
190531 D5 DEC RG3039 CellEvent,Experiment,D5,B4.fcs,B4,Experiment,None,,R4,BL1-H,,3546,40,88.650,28.239,35.760,10342,N/A,4270,N/A,3255,N/A,19465.60,N/A,188.22,N/A,3711.69,N/A,86.92,N/A
190531 D5 DEC RG3039 CellEvent,Experiment,D5,B4.fcs,B4,Experiment,None,,R1,BL1-H,,9916,40,247.900,78.968,78.968,3925,N/A,456,N/A,256,N/A,12586.86,N/A,320.72,N/A,410.68,N/A,90.06,N/A
190531 D5 DEC RG3039 CellEvent,Experiment,D5,B5.fcs,B5,Experiment,None,N/A,All Events,N/A,N/A,11147,40,278.675,100.000,100.000,N/A,N/A,N/A,N/A,N/A,N/A,N/A,N/A,N/A,N/A,N/A,N/A,N/A,N/A
190531 D5 DEC RG3039 CellEvent,Experiment,D5,B5.fcs,B5,Experiment,None,,R1,FSC-A,SSC-A,8780,40,219.500,78.766,78.766,265910,218681,263193,183108,263185,115753,87228.03,128334.07,32.80,58.69,85910.00,88043.46,32.64,48.08
190531 D5 DEC RG3039 CellEvent,Experiment,D5,B5.fcs,B5,Experiment,None,,R2,FSC-A,SSC-A,4853,40,121.325,43.536,43.536,310253,152537,302571,141290,308245,115741,61126.24,54917.66,19.70,36.00,55810.99,47514.36,18.45,33.63
190531 D5 DEC RG3039 CellEvent,Experiment,D5,B5.fcs,B5,Experiment,None,,R3,VL1-H,BL1-H,3222,40,80.550,28.905,36.697,237,10654,139,4596,86,2771,249.79,21063.32,105.51,197.71,102.30,4123.85,73.60,89.74
190531 D5 DEC RG3039 CellEvent,Experiment,D5,B5.fcs,B5,Experiment,None,,R5,VL1-H,BL1-H,2991,40,74.775,26.832,34.066,246,11373,144,5195,92,2771,256.39,21695.80,104.17,190.76,111.19,4634.61,77.22,89.21
190531 D5 DEC RG3039 CellEvent,Experiment,D5,B5.fcs,B5,Experiment,None,,R1,VL1-H,BL1-H,8780,40,219.500,78.766,78.766,131,4130,78,459,86,232,172.60,13692.21,131.41,331.51,36.32,422.54,46.87,92.06
190531 D5 DEC RG3039 CellEvent,Experiment,D5,B5.fcs,B5,Experiment,None,,R4,BL1-H,,3222,40,80.550,28.905,36.697,10654,N/A,4596,N/A,2771,N/A,21063.32,N/A,197.71,N/A,4123.85,N/A,89.74,N/A
190531 D5 DEC RG3039 CellEvent,Experiment,D5,B5.fcs,B5,Experiment,None,,R1,BL1-H,,8780,40,219.500,78.766,78.766,4130,N/A,459,N/A,232,N/A,13692.21,N/A,331.51,N/A,422.54,N/A,92.06,N/A
190531 D5 DEC RG3039 CellEvent,Experiment,D5,B6.fcs,B6,Experiment,None,N/A,All Events,N/A,N/A,11776,40,294.400,100.000,100.000,N/A,N/A,N/A,N/A,N/A,N/A,N/A,N/A,N/A,N/A,N/A,N/A,N/A,N/A
190531 D5 DEC RG3039 CellEvent,Experiment,D5,B6.fcs,B6,Experiment,None,,R1,FSC-A,SSC-A,9398,40,234.950,79.806,79.806,268450,220685,265503,184052,289812,132070,87400.95,131539.34,32.56,59.61,83964.83,88554.21,31.62,48.11
190531 D5 DEC RG3039 CellEvent,Experiment,D5,B6.fcs,B6,Experiment,None,,R2,FSC-A,SSC-A,5237,40,130.925,44.472,44.472,310983,153343,302321,141543,289763,132067,61248.14,55992.38,19.70,36.51,56408.48,48618.90,18.66,34.35
190531 D5 DEC RG3039 CellEvent,Experiment,D5,B6.fcs,B6,Experiment,None,,R3,VL1-H,BL1-H,3431,40,85.775,29.136,36.508,240,10890,142,4407,86,2392,259.90,23451.35,108.32,215.35,108.23,3921.48,76.22,88.98
190531 D5 DEC RG3039 CellEvent,Experiment,D5,B6.fcs,B6,Experiment,None,,R5,VL1-H,BL1-H,3141,40,78.525,26.673,33.422,250,11772,146,5047,86,2392,268.55,24321.91,107.23,206.61,115.64,4389.98,79.21,86.98
190531 D5 DEC RG3039 CellEvent,Experiment,D5,B6.fcs,B6,Experiment,None,,R1,VL1-H,BL1-H,9398,40,234.950,79.806,79.806,133,4202,78,473,86,233,178.16,15049.59,134.27,358.13,35.58,429.95,45.62,90.90
190531 D5 DEC RG3039 CellEvent,Experiment,D5,B6.fcs,B6,Experiment,None,,R4,BL1-H,,3431,40,85.775,29.136,36.508,10890,N/A,4407,N/A,2392,N/A,23451.35,N/A,215.35,N/A,3921.48,N/A,88.98,N/A
190531 D5 DEC RG3039 CellEvent,Experiment,D5,B6.fcs,B6,Experiment,None,,R1,BL1-H,,9398,40,234.950,79.806,79.806,4202,N/A,473,N/A,233,N/A,15049.59,N/A,358.13,N/A,429.95,N/A,90.90,N/A
190531 D5 DEC RG3039 CellEvent,Experiment,D5,B7.fcs,B7,Experiment,None,N/A,All Events,N/A,N/A,8036,40,200.900,100.000,100.000,N/A,N/A,N/A,N/A,N/A,N/A,N/A,N/A,N/A,N/A,N/A,N/A,N/A,N/A
190531 D5 DEC RG3039 CellEvent,Experiment,D5,B7.fcs,B7,Experiment,None,,R1,FSC-A,SSC-A,5551,40,138.775,69.077,69.077,234019,224898,225256,202319,187406,207805,70554.07,110029.67,30.15,48.92,70202.59,79757.95,31.17,39.42
190531 D5 DEC RG3039 CellEvent,Experiment,D5,B7.fcs,B7,Experiment,None,,R2,FSC-A,SSC-A,1912,40,47.800,23.793,23.793,285581,167235,282543,159170,271610,150427,49668.20,64478.41,17.39,38.56,48179.31,61373.71,17.05,38.56
190531 D5 DEC RG3039 CellEvent,Experiment,D5,B7.fcs,B7,Experiment,None,,R3,VL1-H,BL1-H,4100,40,102.500,51.020,73.861,87,17720,72,7841,87,10873,79.64,31050.23,91.19,175.22,28.17,7063.11,39.12,90.08
190531 D5 DEC RG3039 CellEvent,Experiment,D5,B7.fcs,B7,Experiment,None,,R5,VL1-H,BL1-H,3959,40,98.975,49.266,71.320,88,18302,72,8204,87,10873,80.78,31442.28,91.91,171.80,28.17,7128.34,39.12,86.89
190531 D5 DEC RG3039 CellEvent,Experiment,D5,B7.fcs,B7,Experiment,None,,R1,VL1-H,BL1-H,5551,40,138.775,69.077,69.077,79,13182,67,4874,60,10873,70.48,27755.07,88.68,210.55,26.69,6708.76,39.83,137.64
190531 D5 DEC RG3039 CellEvent,Experiment,D5,B7.fcs,B7,Experiment,None,,R4,BL1-H,,4102,40,102.550,51.045,73.897,17718,N/A,7844,N/A,10873,N/A,31042.85,N/A,175.20,N/A,7064.59,N/A,90.07,N/A
190531 D5 DEC RG3039 CellEvent,Experiment,D5,B7.fcs,B7,Experiment,None,,R1,BL1-H,,5551,40,138.775,69.077,69.077,13182,N/A,4874,N/A,10873,N/A,27755.07,N/A,210.55,N/A,6708.76,N/A,137.64,N/A
190531 D5 DEC RG3039 CellEvent,Experiment,D5,B8.fcs,B8,Experiment,None,N/A,All Events,N/A,N/A,7776,40,194.400,100.000,100.000,N/A,N/A,N/A,N/A,N/A,N/A,N/A,N/A,N/A,N/A,N/A,N/A,N/A,N/A
190531 D5 DEC RG3039 CellEvent,Experiment,D5,B8.fcs,B8,Experiment,None,,R1,FSC-A,SSC-A,5343,40,133.575,68.711,68.711,233039,223454,225908,201966,181308,170983,69675.31,111868.63,29.90,50.06,71353.09,78906.94,31.59,39.07
190531 D5 DEC RG3039 CellEvent,Experiment,D5,B8.fcs,B8,Experiment,None,,R2,FSC-A,SSC-A,1900,40,47.500,24.434,24.434,283269,164887,279808,155643,273418,134072,51037.03,65293.04,18.02,39.60,51022.20,62189.14,18.23,39.96
190531 D5 DEC RG3039 CellEvent,Experiment,D5,B8.fcs,B8,Experiment,None,,R3,VL1-H,BL1-H,3910,40,97.750,50.283,73.180,89,16282,72,7206,87,5221,90.86,29786.16,101.94,182.94,28.17,6334.41,39.12,87.91
190531 D5 DEC RG3039 CellEvent,Experiment,D5,B8.fcs,B8,Experiment,None,,R5,VL1-H,BL1-H,3773,40,94.325,48.521,70.616,90,16821,72,7572,87,5221,92.14,30184.51,102.88,179.45,28.17,6384.08,39.12,84.31
190531 D5 DEC RG3039 CellEvent,Experiment,D5,B8.fcs,B8,Experiment,None,,R1,VL1-H,BL1-H,5343,40,133.575,68.711,68.711,80,12005,67,4490,59,5221,79.74,26441.45,99.25,220.25,26.69,6155.76,39.83,137.10
190531 D5 DEC RG3039 CellEvent,Experiment,D5,B8.fcs,B8,Experiment,None,,R4,BL1-H,,3910,40,97.750,50.283,73.180,16282,N/A,7206,N/A,5221,N/A,29786.16,N/A,182.94,N/A,6334.41,N/A,87.91,N/A
190531 D5 DEC RG3039 CellEvent,Experiment,D5,B8.fcs,B8,Experiment,None,,R1,BL1-H,,5343,40,133.575,68.711,68.711,12005,N/A,4490,N/A,5221,N/A,26441.45,N/A,220.25,N/A,6155.76,N/A,137.10,N/A
190531 D5 DEC RG3039 CellEvent,Experiment,D5,B9.fcs,B9,Experiment,None,N/A,All Events,N/A,N/A,8117,40,202.925,100.000,100.000,N/A,N/A,N/A,N/A,N/A,N/A,N/A,N/A,N/A,N/A,N/A,N/A,N/A,N/A
190531 D5 DEC RG3039 CellEvent,Experiment,D5,B9.fcs,B9,Experiment,None,,R1,FSC-A,SSC-A,5354,40,133.850,65.960,65.960,235121,224401,229556,201913,271496,189528,69667.64,106869.62,29.63,47.62,71553.98,79019.61,31.17,39.14
190531 D5 DEC RG3039 CellEvent,Experiment,D5,B9.fcs,B9,Experiment,None,,R2,FSC-A,SSC-A,1919,40,47.975,23.642,23.642,286651,170164,283636,162967,271544,132445,49223.37,65648.95,17.17,38.58,45624.05,60914.10,16.09,37.38
190531 D5 DEC RG3039 CellEvent,Experiment,D5,B9.fcs,B9,Experiment,None,,R3,VL1-H,BL1-H,3952,40,98.800,48.688,73.814,90,16923,73,7375,86,5302,90.36,30108.53,100.51,177.91,28.17,6425.59,38.59,87.13
190531 D5 DEC RG3039 CellEvent,Experiment,D5,B9.fcs,B9,Experiment,None,,R5,VL1-H,BL1-H,3828,40,95.700,47.160,71.498,90,17427,73,7715,58,5302,91.55,30459.64,101.20,174.78,28.17,6493.05,38.59,84.16
190531 D5 DEC RG3039 CellEvent,Experiment,D5,B9.fcs,B9,Experiment,None,,R1,VL1-H,BL1-H,5354,40,133.850,65.960,65.960,81,12586,67,4764,58,5302,79.63,26872.83,98.04,213.51,25.20,6476.74,37.62,135.97
190531 D5 DEC RG3039 CellEvent,Experiment,D5,B9.fcs,B9,Experiment,None,,R4,BL1-H,,3954,40,98.850,48.713,73.851,16917,N/A,7370,N/A,5302,N/A,30102.09,N/A,177.94,N/A,6425.59,N/A,87.19,N/A
190531 D5 DEC RG3039 CellEvent,Experiment,D5,B9.fcs,B9,Experiment,None,,R1,BL1-H,,5354,40,133.850,65.960,65.960,12586,N/A,4764,N/A,5302,N/A,26872.83,N/A,213.51,N/A,6476.74,N/A,135.97,N/A
190531 D5 DEC RG3039 CellEvent,Experiment,D5,C1.fcs,C1,Experiment,None,N/A,All Events,N/A,N/A,8460,40,211.500,100.000,100.000,N/A,N/A,N/A,N/A,N/A,N/A,N/A,N/A,N/A,N/A,N/A,N/A,N/A,N/A
190531 D5 DEC RG3039 CellEvent,Experiment,D5,C1.fcs,C1,Experiment,None,,R1,FSC-A,SSC-A,7361,40,184.025,87.009,87.009,297253,174075,297811,129678,308353,90972,70592.05,128184.45,23.75,73.64,58758.40,58137.19,19.73,44.83
190531 D5 DEC RG3039 CellEvent,Experiment,D5,C1.fcs,C1,Experiment,None,,R2,FSC-A,SSC-A,5911,40,147.775,69.870,69.870,312465,128931,307396,115591,306286,90972,55000.37,52110.96,17.60,40.42,49379.47,40847.11,16.06,35.34
190531 D5 DEC RG3039 CellEvent,Experiment,D5,C1.fcs,C1,Experiment,None,,R3,VL1-H,BL1-H,1244,40,31.100,14.704,16.900,255,11454,189,4876,262,2141,224.44,22920.61,87.95,200.11,163.83,4306.95,86.68,88.33
190531 D5 DEC RG3039 CellEvent,Experiment,D5,C1.fcs,C1,Experiment,None,,R5,VL1-H,BL1-H,1174,40,29.350,13.877,15.949,262,12059,199,5343,87,2141,228.42,23456.26,87.04,194.51,174.95,4650.92,87.91,87.05
190531 D5 DEC RG3039 CellEvent,Experiment,D5,C1.fcs,C1,Experiment,None,,R1,VL1-H,BL1-H,7361,40,184.025,87.009,87.009,94,2104,64,193,59,168,119.03,10320.86,126.34,490.54,25.20,100.82,39.38,52.24
190531 D5 DEC RG3039 CellEvent,Experiment,D5,C1.fcs,C1,Experiment,None,,R4,BL1-H,,1244,40,31.100,14.704,16.900,11454,N/A,4876,N/A,2141,N/A,22920.61,N/A,200.11,N/A,4306.95,N/A,88.33,N/A
190531 D5 DEC RG3039 CellEvent,Experiment,D5,C1.fcs,C1,Experiment,None,,R1,BL1-H,,7361,40,184.025,87.009,87.009,2104,N/A,193,N/A,168,N/A,10320.86,N/A,490.54,N/A,100.82,N/A,52.24,N/A
190531 D5 DEC RG3039 CellEvent,Experiment,D5,C2.fcs,C2,Experiment,None,N/A,All Events,N/A,N/A,7676,40,191.900,100.000,100.000,N/A,N/A,N/A,N/A,N/A,N/A,N/A,N/A,N/A,N/A,N/A,N/A,N/A,N/A
190531 D5 DEC RG3039 CellEvent,Experiment,D5,C2.fcs,C2,Experiment,None,,R1,FSC-A,SSC-A,6657,40,166.425,86.725,86.725,298353,178098,298315,132016,312230,99255,73107.09,132808.22,24.50,74.57,62106.11,63013.46,20.82,47.73
190531 D5 DEC RG3039 CellEvent,Experiment,D5,C2.fcs,C2,Experiment,None,,R2,FSC-A,SSC-A,5230,40,130.750,68.134,68.134,315114,128739,310437,115501,312230,99255,55823.75,51448.86,17.72,39.96,52136.37,41843.42,16.79,36.23
190531 D5 DEC RG3039 CellEvent,Experiment,D5,C2.fcs,C2,Experiment,None,,R3,VL1-H,BL1-H,1267,40,31.675,16.506,19.033,265,11815,197,4547,206,1723,229.67,29182.62,86.62,246.99,167.53,3957.06,85.04,87.03
190531 D5 DEC RG3039 CellEvent,Experiment,D5,C2.fcs,C2,Experiment,None,,R5,VL1-H,BL1-H,1188,40,29.700,15.477,17.846,274,12509,207,4948,206,1723,233.63,30009.56,85.18,239.90,177.91,4230.60,85.95,85.50
190531 D5 DEC RG3039 CellEvent,Experiment,D5,C2.fcs,C2,Experiment,None,,R1,VL1-H,BL1-H,6657,40,166.425,86.725,86.725,101,2428,65,217,61,168,129.59,13517.16,128.72,556.66,25.20,111.19,38.78,51.24
190531 D5 DEC RG3039 CellEvent,Experiment,D5,C2.fcs,C2,Experiment,None,,R4,BL1-H,,1267,40,31.675,16.506,19.033,11815,N/A,4547,N/A,1723,N/A,29182.62,N/A,246.99,N/A,3957.06,N/A,87.03,N/A
190531 D5 DEC RG3039 CellEvent,Experiment,D5,C2.fcs,C2,Experiment,None,,R1,BL1-H,,6657,40,166.425,86.725,86.725,2428,N/A,217,N/A,168,N/A,13517.16,N/A,556.66,N/A,111.19,N/A,51.24,N/A
190531 D5 DEC RG3039 CellEvent,Experiment,D5,C3.fcs,C3,Experiment,None,N/A,All Events,N/A,N/A,8314,40,207.850,100.000,100.000,N/A,N/A,N/A,N/A,N/A,N/A,N/A,N/A,N/A,N/A,N/A,N/A,N/A,N/A
190531 D5 DEC RG3039 CellEvent,Experiment,D5,C3.fcs,C3,Experiment,None,,R1,FSC-A,SSC-A,7204,40,180.100,86.649,86.649,300704,175891,301446,131811,302191,97322,70287.35,127355.45,23.37,72.41,59757.67,59098.66,19.82,44.84
190531 D5 DEC RG3039 CellEvent,Experiment,D5,C3.fcs,C3,Experiment,None,,R2,FSC-A,SSC-A,5820,40,145.500,70.002,70.002,315082,130602,310865,118267,302201,97304,54150.06,51779.31,17.19,39.65,49739.01,41742.60,16.00,35.30
190531 D5 DEC RG3039 CellEvent,Experiment,D5,C3.fcs,C3,Experiment,None,,R3,VL1-H,BL1-H,1197,40,29.925,14.397,16.616,264,11981,201,4558,223,3205,226.34,25685.61,85.78,214.38,179.39,3862.17,89.25,84.73
190531 D5 DEC RG3039 CellEvent,Experiment,D5,C3.fcs,C3,Experiment,None,,R5,VL1-H,BL1-H,1129,40,28.225,13.580,15.672,271,12623,211,4956,223,3205,230.11,26310.97,84.77,208.43,189.77,4137.94,89.94,83.49
190531 D5 DEC RG3039 CellEvent,Experiment,D5,C3.fcs,C3,Experiment,None,,R1,VL1-H,BL1-H,7204,40,180.100,86.649,86.649,96,2146,64,175,55,157,120.68,11350.72,126.36,528.99,25.20,91.92,39.38,52.53
190531 D5 DEC RG3039 CellEvent,Experiment,D5,C3.fcs,C3,Experiment,None,,R4,BL1-H,,1197,40,29.925,14.397,16.616,11981,N/A,4558,N/A,3205,N/A,25685.61,N/A,214.38,N/A,3862.17,N/A,84.73,N/A
190531 D5 DEC RG3039 CellEvent,Experiment,D5,C3.fcs,C3,Experiment,None,,R1,BL1-H,,7204,40,180.100,86.649,86.649,2146,N/A,175,N/A,157,N/A,11350.72,N/A,528.99,N/A,91.92,N/A,52.53,N/A
190531 D5 DEC RG3039 CellEvent,Experiment,D5,C4.fcs,C4,Experiment,None,N/A,All Events,N/A,N/A,9193,40,229.825,100.000,100.000,N/A,N/A,N/A,N/A,N/A,N/A,N/A,N/A,N/A,N/A,N/A,N/A,N/A,N/A
190531 D5 DEC RG3039 CellEvent,Experiment,D5,C4.fcs,C4,Experiment,None,,R1,FSC-A,SSC-A,7028,40,175.700,76.449,76.449,253116,246998,245881,209863,263119,148378,89846.70,142297.15,35.50,57.61,91537.95,105191.95,37.23,50.12
190531 D5 DEC RG3039 CellEvent,Experiment,D5,C4.fcs,C4,Experiment,None,,R2,FSC-A,SSC-A,2996,40,74.900,32.590,32.590,310794,159778,301191,147181,263167,148378,63014.99,59739.04,20.28,37.39,56240.95,52417.32,18.67,35.61
190531 D5 DEC RG3039 CellEvent,Experiment,D5,C4.fcs,C4,Experiment,None,,R3,VL1-H,BL1-H,3304,40,82.600,35.940,47.012,251,10280,150,4255,86,3135,260.22,20240.45,103.77,196.88,116.38,3614.58,77.85,84.95
190531 D5 DEC RG3039 CellEvent,Experiment,D5,C4.fcs,C4,Experiment,None,,R5,VL1-H,BL1-H,3058,40,76.450,33.264,43.512,261,10999,156,4703,86,3135,267.42,20873.72,102.44,189.79,127.50,3906.65,81.73,83.07
190531 D5 DEC RG3039 CellEvent,Experiment,D5,C4.fcs,C4,Experiment,None,,R1,VL1-H,BL1-H,7028,40,175.700,76.449,76.449,156,5036,85,841,92,300,200.53,14730.64,128.30,292.48,45.96,980.00,54.07,116.53
190531 D5 DEC RG3039 CellEvent,Experiment,D5,C4.fcs,C4,Experiment,None,,R4,BL1-H,,3304,40,82.600,35.940,47.012,10280,N/A,4255,N/A,3135,N/A,20240.45,N/A,196.88,N/A,3614.58,N/A,84.95,N/A
190531 D5 DEC RG3039 CellEvent,Experiment,D5,C4.fcs,C4,Experiment,None,,R1,BL1-H,,7028,40,175.700,76.449,76.449,5036,N/A,841,N/A,300,N/A,14730.64,N/A,292.48,N/A,980.00,N/A,116.53,N/A
190531 D5 DEC RG3039 CellEvent,Experiment,D5,C5.fcs,C5,Experiment,None,N/A,All Events,N/A,N/A,8892,40,222.300,100.000,100.000,N/A,N/A,N/A,N/A,N/A,N/A,N/A,N/A,N/A,N/A,N/A,N/A,N/A,N/A
190531 D5 DEC RG3039 CellEvent,Experiment,D5,C5.fcs,C5,Experiment,None,,R1,FSC-A,SSC-A,6618,40,165.450,74.426,74.426,251426,243766,242806,207216,156776,154605,88248.26,142346.09,35.10,58.39,89927.84,104538.12,37.04,50.45
190531 D5 DEC RG3039 CellEvent,Experiment,D5,C5.fcs,C5,Experiment,None,,R2,FSC-A,SSC-A,2821,40,70.525,31.725,31.725,309149,155745,299653,142516,293938,115654,63051.10,58792.88,20.40,37.75,58544.91,50389.13,19.54,35.36
190531 D5 DEC RG3039 CellEvent,Experiment,D5,C5.fcs,C5,Experiment,None,,R3,VL1-H,BL1-H,3208,40,80.200,36.077,48.474,253,10143,153,4116,92,1848,262.79,22443.95,103.76,221.27,120.09,3416.65,78.49,83.02
190531 D5 DEC RG3039 CellEvent,Experiment,D5,C5.fcs,C5,Experiment,None,,R5,VL1-H,BL1-H,2978,40,74.450,33.491,44.998,263,10820,159,4560,87,1848,269.80,23156.86,102.62,214.01,129.73,3739.86,81.85,82.01
190531 D5 DEC RG3039 CellEvent,Experiment,D5,C5.fcs,C5,Experiment,None,,R1,VL1-H,BL1-H,6618,40,165.450,74.426,74.426,160,5115,85,979,92,326,205.05,16369.29,128.06,320.03,45.96,1166.06,54.07,119.17
190531 D5 DEC RG3039 CellEvent,Experiment,D5,C5.fcs,C5,Experiment,None,,R4,BL1-H,,3208,40,80.200,36.077,48.474,10143,N/A,4116,N/A,1848,N/A,22443.95,N/A,221.27,N/A,3416.65,N/A,83.02,N/A
190531 D5 DEC RG3039 CellEvent,Experiment,D5,C5.fcs,C5,Experiment,None,,R1,BL1-H,,6618,40,165.450,74.426,74.426,5115,N/A,979,N/A,326,N/A,16369.29,N/A,320.03,N/A,1166.06,N/A,119.17,N/A
190531 D5 DEC RG3039 CellEvent,Experiment,D5,C6.fcs,C6,Experiment,None,N/A,All Events,N/A,N/A,9194,40,229.850,100.000,100.000,N/A,N/A,N/A,N/A,N/A,N/A,N/A,N/A,N/A,N/A,N/A,N/A,N/A,N/A
190531 D5 DEC RG3039 CellEvent,Experiment,D5,C6.fcs,C6,Experiment,None,,R1,FSC-A,SSC-A,7070,40,176.750,76.898,76.898,255842,243110,247838,204728,273308,160740,90201.79,140100.69,35.26,57.63,88594.24,103298.67,35.75,50.46
190531 D5 DEC RG3039 CellEvent,Experiment,D5,C6.fcs,C6,Experiment,None,,R2,FSC-A,SSC-A,3085,40,77.125,33.554,33.554,309930,156844,299334,143992,273242,109747,64061.08,58966.10,20.67,37.60,58278.04,49799.05,19.47,34.58
190531 D5 DEC RG3039 CellEvent,Experiment,D5,C6.fcs,C6,Experiment,None,,R3,VL1-H,BL1-H,3232,40,80.800,35.153,45.714,247,10241,152,4003,136,3993,252.98,21486.80,102.24,209.81,114.90,3229.10,75.84,80.68
190531 D5 DEC RG3039 CellEvent,Experiment,D5,C6.fcs,C6,Experiment,None,,R5,VL1-H,BL1-H,3011,40,75.275,32.750,42.588,256,10893,157,4371,136,3993,259.45,22121.55,101.30,203.08,124.54,3438.15,79.32,78.66
190531 D5 DEC RG3039 CellEvent,Experiment,D5,C6.fcs,C6,Experiment,None,,R1,VL1-H,BL1-H,7070,40,176.750,76.898,76.898,152,4890,85,760,87,246,193.20,15335.08,126.75,313.62,45.96,876.22,54.07,115.29
190531 D5 DEC RG3039 CellEvent,Experiment,D5,C6.fcs,C6,Experiment,None,,R4,BL1-H,,3232,40,80.800,35.153,45.714,10241,N/A,4003,N/A,3993,N/A,21486.80,N/A,209.81,N/A,3229.10,N/A,80.68,N/A
190531 D5 DEC RG3039 CellEvent,Experiment,D5,C6.fcs,C6,Experiment,None,,R1,BL1-H,,7070,40,176.750,76.898,76.898,4890,N/A,760,N/A,246,N/A,15335.08,N/A,313.62,N/A,876.22,N/A,115.29,N/A
190531 D5 DEC RG3039 CellEvent,Experiment,D5,C7.fcs,C7,Experiment,None,N/A,All Events,N/A,N/A,7933,40,198.325,100.000,100.000,N/A,N/A,N/A,N/A,N/A,N/A,N/A,N/A,N/A,N/A,N/A,N/A,N/A,N/A
190531 D5 DEC RG3039 CellEvent,Experiment,D5,C7.fcs,C7,Experiment,None,,R1,FSC-A,SSC-A,5193,40,129.825,65.461,65.461,230907,223178,222212,200176,181173,177207,70096.22,109389.48,30.36,49.01,70675.54,76786.82,31.81,38.36
190531 D5 DEC RG3039 CellEvent,Experiment,D5,C7.fcs,C7,Experiment,None,,R2,FSC-A,SSC-A,1792,40,44.800,22.589,22.589,284353,166396,280077,158299,273466,154679,51151.03,63995.59,17.99,38.46,48837.58,59967.46,17.44,37.88
190531 D5 DEC RG3039 CellEvent,Experiment,D5,C7.fcs,C7,Experiment,None,,R3,VL1-H,BL1-H,3771,40,94.275,47.536,72.617,89,15637,74,6742,87,6248,82.45,28823.37,92.66,184.33,28.17,5974.88,38.07,88.62
190531 D5 DEC RG3039 CellEvent,Experiment,D5,C7.fcs,C7,Experiment,None,,R5,VL1-H,BL1-H,3604,40,90.100,45.430,69.401,89,16226,74,7179,87,6248,83.87,29189.18,93.88,179.89,28.17,6136.48,38.07,85.48
190531 D5 DEC RG3039 CellEvent,Experiment,D5,C7.fcs,C7,Experiment,None,,R1,VL1-H,BL1-H,5193,40,129.825,65.461,65.461,80,11446,68,4072,60,6248,72.51,25492.34,90.68,222.72,26.69,5565.68,39.25,136.68
190531 D5 DEC RG3039 CellEvent,Experiment,D5,C7.fcs,C7,Experiment,None,,R4,BL1-H,,3771,40,94.275,47.536,72.617,15637,N/A,6742,N/A,6248,N/A,28823.37,N/A,184.33,N/A,5974.88,N/A,88.62,N/A
190531 D5 DEC RG3039 CellEvent,Experiment,D5,C7.fcs,C7,Experiment,None,,R1,BL1-H,,5193,40,129.825,65.461,65.461,11446,N/A,4072,N/A,6248,N/A,25492.34,N/A,222.72,N/A,5565.68,N/A,136.68,N/A
190531 D5 DEC RG3039 CellEvent,Experiment,D5,C8.fcs,C8,Experiment,None,N/A,All Events,N/A,N/A,8127,40,203.175,100.000,100.000,N/A,N/A,N/A,N/A,N/A,N/A,N/A,N/A,N/A,N/A,N/A,N/A,N/A,N/A
190531 D5 DEC RG3039 CellEvent,Experiment,D5,C8.fcs,C8,Experiment,None,,R1,FSC-A,SSC-A,5476,40,136.900,67.380,67.380,233251,226325,225519,206339,187407,170915,69810.47,108594.22,29.93,47.98,71611.06,82067.84,31.75,39.77
190531 D5 DEC RG3039 CellEvent,Experiment,D5,C8.fcs,C8,Experiment,None,,R2,FSC-A,SSC-A,1884,40,47.100,23.182,23.182,286861,170333,283149,161108,277454,123817,52336.54,67184.71,18.24,39.44,49583.33,65850.42,17.51,40.87
190531 D5 DEC RG3039 CellEvent,Experiment,D5,C8.fcs,C8,Experiment,None,,R3,VL1-H,BL1-H,3967,40,99.175,48.813,72.443,87,15477,72,7117,86,10583,80.78,27814.89,92.54,179.72,28.17,6031.22,39.12,84.74
190531 D5 DEC RG3039 CellEvent,Experiment,D5,C8.fcs,C8,Experiment,None,,R5,VL1-H,BL1-H,3824,40,95.600,47.053,69.832,88,15971,72,7520,86,10583,81.87,28152.45,93.13,176.27,28.17,6103.12,39.12,81.16
190531 D5 DEC RG3039 CellEvent,Experiment,D5,C8.fcs,C8,Experiment,None,,R1,VL1-H,BL1-H,5476,40,136.900,67.380,67.380,79,11319,66,4380,60,10583,70.80,24632.80,89.69,217.62,26.69,5971.91,40.43,136.36
190531 D5 DEC RG3039 CellEvent,Experiment,D5,C8.fcs,C8,Experiment,None,,R4,BL1-H,,3968,40,99.200,48.825,72.462,15491,N/A,7120,N/A,10583,N/A,27824.60,N/A,179.62,N/A,6031.22,N/A,84.71,N/A
190531 D5 DEC RG3039 CellEvent,Experiment,D5,C8.fcs,C8,Experiment,None,,R1,BL1-H,,5476,40,136.900,67.380,67.380,11319,N/A,4380,N/A,10583,N/A,24632.80,N/A,217.62,N/A,5971.91,N/A,136.36,N/A
190531 D5 DEC RG3039 CellEvent,Experiment,D5,C9.fcs,C9,Experiment,None,N/A,All Events,N/A,N/A,7385,40,184.625,100.000,100.000,N/A,N/A,N/A,N/A,N/A,N/A,N/A,N/A,N/A,N/A,N/A,N/A,N/A,N/A
190531 D5 DEC RG3039 CellEvent,Experiment,D5,C9.fcs,C9,Experiment,None,,R1,FSC-A,SSC-A,4798,40,119.950,64.970,64.970,232938,223183,226596,201310,201783,179183,69399.28,105511.09,29.79,47.28,72144.06,76829.81,31.84,38.16
190531 D5 DEC RG3039 CellEvent,Experiment,D5,C9.fcs,C9,Experiment,None,,R2,FSC-A,SSC-A,1680,40,42.000,22.749,22.749,285824,166857,282595,160648,293688,142214,49553.75,62749.43,17.34,37.61,46627.77,58666.48,16.50,36.52
190531 D5 DEC RG3039 CellEvent,Experiment,D5,C9.fcs,C9,Experiment,None,,R3,VL1-H,BL1-H,3524,40,88.100,47.718,73.447,92,16915,73,7343,86,11030,96.38,31609.60,104.92,186.88,28.17,6344.05,38.59,86.40
190531 D5 DEC RG3039 CellEvent,Experiment,D5,C9.fcs,C9,Experiment,None,,R5,VL1-H,BL1-H,3382,40,84.550,45.796,70.488,93,17565,73,7702,86,11030,98.08,32102.90,105.97,182.76,28.17,6346.27,38.59,82.40
190531 D5 DEC RG3039 CellEvent,Experiment,D5,C9.fcs,C9,Experiment,None,,R1,VL1-H,BL1-H,4798,40,119.950,64.970,64.970,83,12515,68,4608,61,11030,84.66,28060.19,102.44,224.21,26.69,6286.22,39.25,136.43
190531 D5 DEC RG3039 CellEvent,Experiment,D5,C9.fcs,C9,Experiment,None,,R4,BL1-H,,3524,40,88.100,47.718,73.447,16915,N/A,7343,N/A,11030,N/A,31609.60,N/A,186.88,N/A,6344.05,N/A,86.40,N/A
190531 D5 DEC RG3039 CellEvent,Experiment,D5,C9.fcs,C9,Experiment,None,,R1,BL1-H,,4798,40,119.950,64.970,64.970,12515,N/A,4608,N/A,11030,N/A,28060.19,N/A,224.21,N/A,6286.22,N/A,136.43,N/A
190531 D5 DEC RG3039 CellEvent,Experiment,D5,D1.fcs,D1,Experiment,None,N/A,All Events,N/A,N/A,7519,40,187.975,100.000,100.000,N/A,N/A,N/A,N/A,N/A,N/A,N/A,N/A,N/A,N/A,N/A,N/A,N/A,N/A
190531 D5 DEC RG3039 CellEvent,Experiment,D5,D1.fcs,D1,Experiment,None,,R1,FSC-A,SSC-A,6214,40,155.350,82.644,82.644,289984,219554,288011,168060,289900,115744,85180.41,150451.16,29.37,68.53,74607.40,94307.44,25.90,56.12
190531 D5 DEC RG3039 CellEvent,Experiment,D5,D1.fcs,D1,Experiment,None,,R2,FSC-A,SSC-A,4052,40,101.300,53.890,53.890,316439,145906,309824,131978,289973,115753,59992.63,59816.65,18.96,41.00,55452.20,50327.60,17.90,38.13
190531 D5 DEC RG3039 CellEvent,Experiment,D5,D1.fcs,D1,Experiment,None,,R3,VL1-H,BL1-H,1724,40,43.100,22.929,27.744,252,11838,192,4582,86,2169,209.12,25978.92,83.06,219.45,158.64,4128.30,82.62,90.11
190531 D5 DEC RG3039 CellEvent,Experiment,D5,D1.fcs,D1,Experiment,None,,R5,VL1-H,BL1-H,1617,40,40.425,21.506,26.022,259,12879,200,5255,86,2169,212.91,29939.64,82.07,232.47,167.53,4736.91,83.77,90.14
190531 D5 DEC RG3039 CellEvent,Experiment,D5,D1.fcs,D1,Experiment,None,,R1,VL1-H,BL1-H,6214,40,155.350,82.644,82.644,116,3538,69,238,65,180,140.35,16244.41,121.49,459.09,31.13,172.72,45.12,72.57
190531 D5 DEC RG3039 CellEvent,Experiment,D5,D1.fcs,D1,Experiment,None,,R4,BL1-H,,1725,40,43.125,22.942,27.760,12155,N/A,4596,N/A,2169,N/A,29121.63,N/A,239.58,N/A,4142.38,N/A,90.13,N/A
190531 D5 DEC RG3039 CellEvent,Experiment,D5,D1.fcs,D1,Experiment,None,,R1,BL1-H,,6214,40,155.350,82.644,82.644,3538,N/A,238,N/A,180,N/A,16244.41,N/A,459.09,N/A,172.72,N/A,72.57,N/A
190531 D5 DEC RG3039 CellEvent,Experiment,D5,D2.fcs,D2,Experiment,None,N/A,All Events,N/A,N/A,6895,40,172.375,100.000,100.000,N/A,N/A,N/A,N/A,N/A,N/A,N/A,N/A,N/A,N/A,N/A,N/A,N/A,N/A
190531 D5 DEC RG3039 CellEvent,Experiment,D5,D2.fcs,D2,Experiment,None,,R1,FSC-A,SSC-A,5732,40,143.300,83.133,83.133,290449,216176,288908,165853,299930,99311,82560.38,149078.97,28.43,68.96,74394.64,92771.47,25.75,55.94
190531 D5 DEC RG3039 CellEvent,Experiment,D5,D2.fcs,D2,Experiment,None,,R2,FSC-A,SSC-A,3804,40,95.100,55.170,55.170,316437,144929,309530,130627,299983,99311,59686.26,59014.42,18.86,40.72,54944.41,49197.86,17.75,37.66
190531 D5 DEC RG3039 CellEvent,Experiment,D5,D2.fcs,D2,Experiment,None,,R3,VL1-H,BL1-H,1624,40,40.600,23.553,28.332,260,11849,199,4731,373,4000,223.70,24258.52,85.91,204.73,173.46,4192.79,87.39,88.62
190531 D5 DEC RG3039 CellEvent,Experiment,D5,D2.fcs,D2,Experiment,None,,R5,VL1-H,BL1-H,1540,40,38.500,22.335,26.867,266,12421,204,5072,373,4000,227.38,24784.49,85.40,199.54,180.14,4316.59,88.30,85.11
190531 D5 DEC RG3039 CellEvent,Experiment,D5,D2.fcs,D2,Experiment,None,,R1,VL1-H,BL1-H,5732,40,143.300,83.133,83.133,121,3518,71,233,49,157,149.47,13932.45,124.01,396.03,31.13,166.05,43.85,71.27
190531 D5 DEC RG3039 CellEvent,Experiment,D5,D2.fcs,D2,Experiment,None,,R4,BL1-H,,1624,40,40.600,23.553,28.332,11849,N/A,4731,N/A,4000,N/A,24258.52,N/A,204.73,N/A,4192.79,N/A,88.62,N/A
190531 D5 DEC RG3039 CellEvent,Experiment,D5,D2.fcs,D2,Experiment,None,,R1,BL1-H,,5732,40,143.300,83.133,83.133,3518,N/A,233,N/A,157,N/A,13932.45,N/A,396.03,N/A,166.05,N/A,71.27,N/A
190531 D5 DEC RG3039 CellEvent,Experiment,D5,D3.fcs,D3,Experiment,None,N/A,All Events,N/A,N/A,7449,40,186.225,100.000,100.000,N/A,N/A,N/A,N/A,N/A,N/A,N/A,N/A,N/A,N/A,N/A,N/A,N/A,N/A
190531 D5 DEC RG3039 CellEvent,Experiment,D5,D3.fcs,D3,Experiment,None,,R1,FSC-A,SSC-A,6194,40,154.850,83.152,83.152,291321,214580,288563,162418,310330,115831,80953.65,149370.71,27.79,69.61,69517.63,87635.74,24.09,53.96
190531 D5 DEC RG3039 CellEvent,Experiment,D5,D3.fcs,D3,Experiment,None,,R2,FSC-A,SSC-A,4187,40,104.675,56.209,56.209,315324,145012,308961,129855,324507,115766,59106.23,58873.14,18.74,40.60,55289.12,48833.88,17.90,37.61
190531 D5 DEC RG3039 CellEvent,Experiment,D5,D3.fcs,D3,Experiment,None,,R3,VL1-H,BL1-H,1662,40,41.550,22.312,26.832,254,11741,188,4937,157,3087,215.08,27010.01,84.71,230.05,160.12,4610.14,85.17,93.39
190531 D5 DEC RG3039 CellEvent,Experiment,D5,D3.fcs,D3,Experiment,None,,R5,VL1-H,BL1-H,1549,40,38.725,20.795,25.008,262,12500,194,5490,157,3087,219.87,27826.49,84.01,222.61,169.02,4905.92,87.12,89.36
190531 D5 DEC RG3039 CellEvent,Experiment,D5,D3.fcs,D3,Experiment,None,,R1,VL1-H,BL1-H,6194,40,154.850,83.152,83.152,115,3311,70,224,62,157,141.01,14891.26,122.20,449.72,31.13,157.90,44.48,70.65
190531 D5 DEC RG3039 CellEvent,Experiment,D5,D3.fcs,D3,Experiment,None,,R4,BL1-H,,1662,40,41.550,22.312,26.832,11741,N/A,4937,N/A,3087,N/A,27010.01,N/A,230.05,N/A,4610.14,N/A,93.39,N/A
190531 D5 DEC RG3039 CellEvent,Experiment,D5,D3.fcs,D3,Experiment,None,,R1,BL1-H,,6194,40,154.850,83.152,83.152,3311,N/A,224,N/A,157,N/A,14891.26,N/A,449.72,N/A,157.90,N/A,70.65,N/A
190531 D5 DEC RG3039 CellEvent,Experiment,D5,D4.fcs,D4,Experiment,None,N/A,All Events,N/A,N/A,9349,40,233.725,100.000,100.000,N/A,N/A,N/A,N/A,N/A,N/A,N/A,N/A,N/A,N/A,N/A,N/A,N/A,N/A
190531 D5 DEC RG3039 CellEvent,Experiment,D5,D4.fcs,D4,Experiment,None,,R1,FSC-A,SSC-A,7104,40,177.600,75.987,75.987,240641,268246,226391,230762,150529,201674,89165.46,146220.83,37.05,54.51,86957.45,110681.28,38.41,47.96
190531 D5 DEC RG3039 CellEvent,Experiment,D5,D4.fcs,D4,Experiment,None,,R2,FSC-A,SSC-A,2252,40,56.300,24.088,24.088,313326,164938,301999,151554,271674,136331,64338.01,62970.86,20.53,38.18,58782.87,56094.91,19.46,37.01
190531 D5 DEC RG3039 CellEvent,Experiment,D5,D4.fcs,D4,Experiment,None,,R3,VL1-H,BL1-H,4165,40,104.125,44.550,58.629,272,10122,174,4054,96,2201,266.11,20881.65,97.99,206.30,136.40,3418.88,78.39,84.33
190531 D5 DEC RG3039 CellEvent,Experiment,D5,D4.fcs,D4,Experiment,None,,R5,VL1-H,BL1-H,3865,40,96.625,41.341,54.406,282,10802,184,4529,96,2201,272.92,21528.38,96.73,199.30,151.23,3734.67,82.19,82.46
190531 D5 DEC RG3039 CellEvent,Experiment,D5,D4.fcs,D4,Experiment,None,,R1,VL1-H,BL1-H,7104,40,177.600,75.987,75.987,191,6108,102,1850,86,373,226.13,16687.75,118.43,273.22,66.72,2280.98,65.41,123.33
190531 D5 DEC RG3039 CellEvent,Experiment,D5,D4.fcs,D4,Experiment,None,,R4,BL1-H,,4165,40,104.125,44.550,58.629,10122,N/A,4054,N/A,2201,N/A,20881.65,N/A,206.30,N/A,3418.88,N/A,84.33,N/A
190531 D5 DEC RG3039 CellEvent,Experiment,D5,D4.fcs,D4,Experiment,None,,R1,BL1-H,,7104,40,177.600,75.987,75.987,6108,N/A,1850,N/A,373,N/A,16687.75,N/A,273.22,N/A,2280.98,N/A,123.33,N/A
190531 D5 DEC RG3039 CellEvent,Experiment,D5,D5.fcs,D5,Experiment,None,N/A,All Events,N/A,N/A,9400,40,235.000,100.000,100.000,N/A,N/A,N/A,N/A,N/A,N/A,N/A,N/A,N/A,N/A,N/A,N/A,N/A,N/A
190531 D5 DEC RG3039 CellEvent,Experiment,D5,D5.fcs,D5,Experiment,None,,R1,FSC-A,SSC-A,6937,40,173.425,73.798,73.798,233553,263295,218449,228378,166945,232548,85610.11,143740.56,36.66,54.59,82991.50,105669.35,37.99,46.27
190531 D5 DEC RG3039 CellEvent,Experiment,D5,D5.fcs,D5,Experiment,None,,R2,FSC-A,SSC-A,2107,40,52.675,22.415,22.415,307028,159564,296582,146098,253222,130207,62870.14,60801.90,20.48,38.10,59462.64,52804.28,20.05,36.14
190531 D5 DEC RG3039 CellEvent,Experiment,D5,D5.fcs,D5,Experiment,None,,R3,VL1-H,BL1-H,4223,40,105.575,44.926,60.876,259,9983,171,3854,157,2111,249.39,19390.25,96.40,194.23,131.95,3160.90,77.16,82.02
190531 D5 DEC RG3039 CellEvent,Experiment,D5,D5.fcs,D5,Experiment,None,,R5,VL1-H,BL1-H,3874,40,96.850,41.213,55.845,270,10762,181,4337,157,2111,256.83,20063.20,95.21,186.43,145.29,3529.33,80.50,81.38
190531 D5 DEC RG3039 CellEvent,Experiment,D5,D5.fcs,D5,Experiment,None,,R1,VL1-H,BL1-H,6937,40,173.425,73.798,73.798,187,6240,105,1919,87,2111,214.92,15833.23,114.71,253.74,71.16,2364.75,67.78,123.23
190531 D5 DEC RG3039 CellEvent,Experiment,D5,D5.fcs,D5,Experiment,None,,R4,BL1-H,,4223,40,105.575,44.926,60.876,9983,N/A,3854,N/A,2111,N/A,19390.25,N/A,194.23,N/A,3160.90,N/A,82.02,N/A
190531 D5 DEC RG3039 CellEvent,Experiment,D5,D5.fcs,D5,Experiment,None,,R1,BL1-H,,6937,40,173.425,73.798,73.798,6240,N/A,1919,N/A,2111,N/A,15833.23,N/A,253.74,N/A,2364.75,N/A,123.23,N/A
190531 D5 DEC RG3039 CellEvent,Experiment,D5,D6.fcs,D6,Experiment,None,N/A,All Events,N/A,N/A,10558,40,263.950,100.000,100.000,N/A,N/A,N/A,N/A,N/A,N/A,N/A,N/A,N/A,N/A,N/A,N/A,N/A,N/A
190531 D5 DEC RG3039 CellEvent,Experiment,D5,D6.fcs,D6,Experiment,None,,R1,FSC-A,SSC-A,8053,40,201.325,76.274,76.274,241517,267801,227367,228648,152597,171099,88309.50,149129.38,36.56,55.69,85578.64,110727.98,37.64,48.43
190531 D5 DEC RG3039 CellEvent,Experiment,D5,D6.fcs,D6,Experiment,None,,R2,FSC-A,SSC-A,2589,40,64.725,24.522,24.522,310488,163561,300614,150788,260970,132062,62811.27,62347.55,20.23,38.12,58341.79,56085.27,19.41,37.19
190531 D5 DEC RG3039 CellEvent,Experiment,D5,D6.fcs,D6,Experiment,None,,R3,VL1-H,BL1-H,4672,40,116.800,44.251,58.016,267,9665,171,3977,96,2145,259.36,19132.45,97.13,197.95,133.43,3251.34,78.03,81.75
190531 D5 DEC RG3039 CellEvent,Experiment,D5,D6.fcs,D6,Experiment,None,,R5,VL1-H,BL1-H,4319,40,107.975,40.907,53.632,278,10346,180,4439,93,2145,266.15,19744.48,95.75,190.85,145.29,3540.45,80.72,79.76
190531 D5 DEC RG3039 CellEvent,Experiment,D5,D6.fcs,D6,Experiment,None,,R1,VL1-H,BL1-H,8053,40,201.325,76.274,76.274,187,5783,102,1806,101,341,219.78,15270.85,117.55,264.07,66.72,2216.49,65.41,122.73
190531 D5 DEC RG3039 CellEvent,Experiment,D5,D6.fcs,D6,Experiment,None,,R4,BL1-H,,4672,40,116.800,44.251,58.016,9665,N/A,3977,N/A,2145,N/A,19132.45,N/A,197.95,N/A,3251.34,N/A,81.75,N/A
190531 D5 DEC RG3039 CellEvent,Experiment,D5,D6.fcs,D6,Experiment,None,,R1,BL1-H,,8053,40,201.325,76.274,76.274,5783,N/A,1806,N/A,341,N/A,15270.85,N/A,264.07,N/A,2216.49,N/A,122.73,N/A
190531 D5 DEC RG3039 CellEvent,Experiment,D5,D7.fcs,D7,Experiment,None,N/A,All Events,N/A,N/A,8485,40,212.125,100.000,100.000,N/A,N/A,N/A,N/A,N/A,N/A,N/A,N/A,N/A,N/A,N/A,N/A,N/A,N/A
190531 D5 DEC RG3039 CellEvent,Experiment,D5,D7.fcs,D7,Experiment,None,,R1,FSC-A,SSC-A,5853,40,146.325,68.981,68.981,231399,217493,224465,197178,191340,152566,68840.11,103999.66,29.75,47.82,69677.75,77735.68,31.04,39.42
190531 D5 DEC RG3039 CellEvent,Experiment,D5,D7.fcs,D7,Experiment,None,,R2,FSC-A,SSC-A,2060,40,51.500,24.278,24.278,283264,163880,279331,154999,302001,152639,50385.87,64173.61,17.79,39.16,49455.83,60292.15,17.71,38.90
190531 D5 DEC RG3039 CellEvent,Experiment,D5,D7.fcs,D7,Experiment,None,,R3,VL1-H,BL1-H,4298,40,107.450,50.654,73.432,88,18839,72,7710,86,11178,88.68,34699.83,100.25,184.19,28.17,7123.89,39.12,92.40
190531 D5 DEC RG3039 CellEvent,Experiment,D5,D7.fcs,D7,Experiment,None,,R5,VL1-H,BL1-H,4148,40,103.700,48.886,70.870,89,19472,72,8028,86,11178,89.94,35159.26,101.10,180.57,28.17,7187.64,39.12,89.53
190531 D5 DEC RG3039 CellEvent,Experiment,D5,D7.fcs,D7,Experiment,None,,R1,VL1-H,BL1-H,5853,40,146.325,68.981,68.981,80,13926,66,4606,61,11178,78.03,30836.43,97.69,221.43,26.69,6345.53,40.43,137.77
190531 D5 DEC RG3039 CellEvent,Experiment,D5,D7.fcs,D7,Experiment,None,,R4,BL1-H,,4298,40,107.450,50.654,73.432,18839,N/A,7710,N/A,11178,N/A,34699.83,N/A,184.19,N/A,7123.89,N/A,92.40,N/A
190531 D5 DEC RG3039 CellEvent,Experiment,D5,D7.fcs,D7,Experiment,None,,R1,BL1-H,,5853,40,146.325,68.981,68.981,13926,N/A,4606,N/A,11178,N/A,30836.43,N/A,221.43,N/A,6345.53,N/A,137.77,N/A
190531 D5 DEC RG3039 CellEvent,Experiment,D5,D8.fcs,D8,Experiment,None,N/A,All Events,N/A,N/A,7880,40,197.000,100.000,100.000,N/A,N/A,N/A,N/A,N/A,N/A,N/A,N/A,N/A,N/A,N/A,N/A,N/A,N/A
190531 D5 DEC RG3039 CellEvent,Experiment,D5,D8.fcs,D8,Experiment,None,,R1,FSC-A,SSC-A,5337,40,133.425,67.728,67.728,230692,222912,220777,200598,240824,165022,72388.64,107366.53,31.38,48.17,69578.42,77239.01,31.52,38.50
190531 D5 DEC RG3039 CellEvent,Experiment,D5,D8.fcs,D8,Experiment,None,,R2,FSC-A,SSC-A,1741,40,43.525,22.094,22.094,283084,164326,281014,158629,277747,158602,50468.11,63533.84,17.83,38.66,49603.35,63661.36,17.65,40.13
190531 D5 DEC RG3039 CellEvent,Experiment,D5,D8.fcs,D8,Experiment,None,,R3,VL1-H,BL1-H,3974,40,99.350,50.431,74.461,87,18011,71,7367,92,4760,85.23,33593.56,97.87,186.52,28.17,6882.97,39.68,93.44
190531 D5 DEC RG3039 CellEvent,Experiment,D5,D8.fcs,D8,Experiment,None,,R5,VL1-H,BL1-H,3814,40,95.350,48.401,71.463,88,18686,71,7849,92,4760,86.70,34094.18,98.80,182.46,28.17,7000.10,39.68,89.19
190531 D5 DEC RG3039 CellEvent,Experiment,D5,D8.fcs,D8,Experiment,None,,R1,VL1-H,BL1-H,5337,40,133.425,67.728,67.728,79,13511,66,4527,58,4760,75.36,29995.55,94.93,222.00,25.20,6175.03,38.19,136.40
190531 D5 DEC RG3039 CellEvent,Experiment,D5,D8.fcs,D8,Experiment,None,,R4,BL1-H,,3976,40,99.400,50.457,74.499,18016,N/A,7368,N/A,4760,N/A,33588.66,N/A,186.44,N/A,6882.97,N/A,93.42,N/A
190531 D5 DEC RG3039 CellEvent,Experiment,D5,D8.fcs,D8,Experiment,None,,R1,BL1-H,,5337,40,133.425,67.728,67.728,13511,N/A,4527,N/A,4760,N/A,29995.55,N/A,222.00,N/A,6175.03,N/A,136.40,N/A
190531 D5 DEC RG3039 CellEvent,Experiment,D5,D9.fcs,D9,Experiment,None,N/A,All Events,N/A,N/A,8162,40,204.050,100.000,100.000,N/A,N/A,N/A,N/A,N/A,N/A,N/A,N/A,N/A,N/A,N/A,N/A,N/A,N/A
190531 D5 DEC RG3039 CellEvent,Experiment,D5,D9.fcs,D9,Experiment,None,,R1,FSC-A,SSC-A,5623,40,140.575,68.892,68.892,230700,222986,223125,200773,181441,177176,69404.06,109318.46,30.08,49.02,70657.75,80312.44,31.67,40.00
190531 D5 DEC RG3039 CellEvent,Experiment,D5,D9.fcs,D9,Experiment,None,,R2,FSC-A,SSC-A,1878,40,46.950,23.009,23.009,283580,164267,279461,157141,258970,150629,50406.57,64062.19,17.78,39.00,47902.81,61685.05,17.14,39.25
190531 D5 DEC RG3039 CellEvent,Experiment,D5,D9.fcs,D9,Experiment,None,,R3,VL1-H,BL1-H,4189,40,104.725,51.323,74.498,88,17515,71,7494,87,4046,82.67,31638.88,94.08,180.64,28.17,6633.15,39.68,88.51
190531 D5 DEC RG3039 CellEvent,Experiment,D5,D9.fcs,D9,Experiment,None,,R5,VL1-H,BL1-H,4050,40,101.250,49.620,72.026,88,18034,71,7735,87,4046,83.75,31979.27,94.78,177.33,28.17,6594.60,39.68,85.26
190531 D5 DEC RG3039 CellEvent,Experiment,D5,D9.fcs,D9,Experiment,None,,R1,VL1-H,BL1-H,5623,40,140.575,68.892,68.892,80,13136,66,4837,57,4046,73.38,28314.96,91.89,215.55,26.69,6553.09,40.43,135.48
190531 D5 DEC RG3039 CellEvent,Experiment,D5,D9.fcs,D9,Experiment,None,,R4,BL1-H,,4190,40,104.750,51.335,74.515,17513,N/A,7495,N/A,4046,N/A,31635.26,N/A,180.64,N/A,6625.74,N/A,88.40,N/A
190531 D5 DEC RG3039 CellEvent,Experiment,D5,D9.fcs,D9,Experiment,None,,R1,BL1-H,,5623,40,140.575,68.892,68.892,13136,N/A,4837,N/A,4046,N/A,28314.96,N/A,215.55,N/A,6553.09,N/A,135.48,N/A
